{
  "1": {
    "name": "Jon Doe",
    "age": 20,
    "gender": "male",
    "mail": "jon@mail.com",
    "password": "pwordjon"
  },
  "2": {
    "name": "Jane Doe",
    "age": 21,
    "gender": "female",
    "mail": "jane@mail.com",
    "password": "pwordjane"
  },
  "3": {
    "name": "Mikkel Ræv",
    "age": 5,
    "gender": "male",
    "mail": "ræv@mail.com",
    "password": "pwordræv"
  },
  "4": {
    "name": "Mads Hund",
    "age": 7,
    "gender": "male",
    "mail": "mads@mail.com",
    "password": "pwordmads"
  },
  "5": {
    "name": "Erik Rolf",
    "age": 92,
    "gender": "male",
    "mail": "erik@mail.com",
    "password": "pworderik123"
  }
}